지점,지점명,일시,기온(°C)
108,서울,2022-06-16 00:01,19.1
108,서울,2022-06-16 00:02,19.1
108,서울,2022-06-16 00:03,19.1
108,서울,2022-06-16 00:04,19.1
108,서울,2022-06-16 00:05,19.1
108,서울,2022-06-16 00:06,19.1
108,서울,2022-06-16 00:07,19.1
108,서울,2022-06-16 00:08,19.1
108,서울,2022-06-16 00:09,19.1
108,서울,2022-06-16 00:10,19.1
108,서울,2022-06-16 00:11,19.1
108,서울,2022-06-16 00:12,19.1
108,서울,2022-06-16 00:13,19.1
108,서울,2022-06-16 00:14,19.1
108,서울,2022-06-16 00:15,19.1
108,서울,2022-06-16 00:16,19
108,서울,2022-06-16 00:17,19
108,서울,2022-06-16 00:18,19
108,서울,2022-06-16 00:19,19
108,서울,2022-06-16 00:20,19
108,서울,2022-06-16 00:21,19
108,서울,2022-06-16 00:22,19
108,서울,2022-06-16 00:23,19
108,서울,2022-06-16 00:24,19
108,서울,2022-06-16 00:25,19
108,서울,2022-06-16 00:26,19
108,서울,2022-06-16 00:27,19
108,서울,2022-06-16 00:28,19
108,서울,2022-06-16 00:29,19
108,서울,2022-06-16 00:30,19
108,서울,2022-06-16 00:31,19
108,서울,2022-06-16 00:32,19
108,서울,2022-06-16 00:33,19
108,서울,2022-06-16 00:34,19
108,서울,2022-06-16 00:35,19
108,서울,2022-06-16 00:36,19
108,서울,2022-06-16 00:37,19
108,서울,2022-06-16 00:38,19
108,서울,2022-06-16 00:39,19
108,서울,2022-06-16 00:40,19
108,서울,2022-06-16 00:41,19
108,서울,2022-06-16 00:42,19
108,서울,2022-06-16 00:43,19
108,서울,2022-06-16 00:44,19
108,서울,2022-06-16 00:45,19
108,서울,2022-06-16 00:46,19
108,서울,2022-06-16 00:47,19
108,서울,2022-06-16 00:48,19
108,서울,2022-06-16 00:49,19
108,서울,2022-06-16 00:50,19
108,서울,2022-06-16 00:51,19
108,서울,2022-06-16 00:52,19
108,서울,2022-06-16 00:53,19
108,서울,2022-06-16 00:54,19
108,서울,2022-06-16 00:55,19
108,서울,2022-06-16 00:56,19
108,서울,2022-06-16 00:57,19
108,서울,2022-06-16 00:58,19
108,서울,2022-06-16 00:59,19
108,서울,2022-06-16 01:00,19
108,서울,2022-06-16 01:01,19
108,서울,2022-06-16 01:02,19
108,서울,2022-06-16 01:03,19
108,서울,2022-06-16 01:04,19
108,서울,2022-06-16 01:05,19
108,서울,2022-06-16 01:06,18.9
108,서울,2022-06-16 01:07,18.9
108,서울,2022-06-16 01:08,18.9
108,서울,2022-06-16 01:09,18.9
108,서울,2022-06-16 01:10,18.9
108,서울,2022-06-16 01:11,18.9
108,서울,2022-06-16 01:12,18.9
108,서울,2022-06-16 01:13,18.9
108,서울,2022-06-16 01:14,18.9
108,서울,2022-06-16 01:15,18.9
108,서울,2022-06-16 01:16,18.9
108,서울,2022-06-16 01:17,18.9
108,서울,2022-06-16 01:18,18.9
108,서울,2022-06-16 01:19,18.9
108,서울,2022-06-16 01:20,18.9
108,서울,2022-06-16 01:21,18.8
108,서울,2022-06-16 01:22,18.8
108,서울,2022-06-16 01:23,18.8
108,서울,2022-06-16 01:24,18.8
108,서울,2022-06-16 01:25,18.8
108,서울,2022-06-16 01:26,18.8
108,서울,2022-06-16 01:27,18.8
108,서울,2022-06-16 01:28,18.8
108,서울,2022-06-16 01:29,18.8
108,서울,2022-06-16 01:30,18.8
108,서울,2022-06-16 01:31,18.7
108,서울,2022-06-16 01:32,18.8
108,서울,2022-06-16 01:33,18.7
108,서울,2022-06-16 01:34,18.7
108,서울,2022-06-16 01:35,18.7
108,서울,2022-06-16 01:36,18.7
108,서울,2022-06-16 01:37,18.7
108,서울,2022-06-16 01:38,18.7
108,서울,2022-06-16 01:39,18.7
108,서울,2022-06-16 01:40,18.7
108,서울,2022-06-16 01:41,18.7
108,서울,2022-06-16 01:42,18.7
108,서울,2022-06-16 01:43,18.7
108,서울,2022-06-16 01:44,18.7
108,서울,2022-06-16 01:45,18.7
108,서울,2022-06-16 01:46,18.7
108,서울,2022-06-16 01:47,18.7
108,서울,2022-06-16 01:48,18.7
108,서울,2022-06-16 01:49,18.7
108,서울,2022-06-16 01:50,18.7
108,서울,2022-06-16 01:51,18.7
108,서울,2022-06-16 01:52,18.7
108,서울,2022-06-16 01:53,18.7
108,서울,2022-06-16 01:54,18.6
108,서울,2022-06-16 01:55,18.7
108,서울,2022-06-16 01:56,18.6
108,서울,2022-06-16 01:57,18.6
108,서울,2022-06-16 01:58,18.6
108,서울,2022-06-16 01:59,18.6
108,서울,2022-06-16 02:00,18.6
108,서울,2022-06-16 02:01,18.6
108,서울,2022-06-16 02:02,18.6
108,서울,2022-06-16 02:03,18.6
108,서울,2022-06-16 02:04,18.6
108,서울,2022-06-16 02:05,18.6
108,서울,2022-06-16 02:06,18.6
108,서울,2022-06-16 02:07,18.6
108,서울,2022-06-16 02:08,18.6
108,서울,2022-06-16 02:09,18.6
108,서울,2022-06-16 02:10,18.6
108,서울,2022-06-16 02:11,18.6
108,서울,2022-06-16 02:12,18.6
108,서울,2022-06-16 02:13,18.6
108,서울,2022-06-16 02:14,18.6
108,서울,2022-06-16 02:15,18.5
108,서울,2022-06-16 02:16,18.6
108,서울,2022-06-16 02:17,18.6
108,서울,2022-06-16 02:18,18.5
108,서울,2022-06-16 02:19,18.5
108,서울,2022-06-16 02:20,18.5
108,서울,2022-06-16 02:21,18.5
108,서울,2022-06-16 02:22,18.5
108,서울,2022-06-16 02:23,18.5
108,서울,2022-06-16 02:24,18.5
108,서울,2022-06-16 02:25,18.5
108,서울,2022-06-16 02:26,18.5
108,서울,2022-06-16 02:27,18.5
108,서울,2022-06-16 02:28,18.5
108,서울,2022-06-16 02:29,18.5
108,서울,2022-06-16 02:30,18.5
108,서울,2022-06-16 02:31,18.4
108,서울,2022-06-16 02:32,18.4
108,서울,2022-06-16 02:33,18.4
108,서울,2022-06-16 02:34,18.4
108,서울,2022-06-16 02:35,18.4
108,서울,2022-06-16 02:36,18.4
108,서울,2022-06-16 02:37,18.4
108,서울,2022-06-16 02:38,18.4
108,서울,2022-06-16 02:39,18.3
108,서울,2022-06-16 02:40,18.3
108,서울,2022-06-16 02:41,18.3
108,서울,2022-06-16 02:42,18.3
108,서울,2022-06-16 02:43,18.3
108,서울,2022-06-16 02:44,18.3
108,서울,2022-06-16 02:45,18.3
108,서울,2022-06-16 02:46,18.3
108,서울,2022-06-16 02:47,18.3
108,서울,2022-06-16 02:48,18.3
108,서울,2022-06-16 02:49,18.3
108,서울,2022-06-16 02:50,18.3
108,서울,2022-06-16 02:51,18.3
108,서울,2022-06-16 02:52,18.3
108,서울,2022-06-16 02:53,18.2
108,서울,2022-06-16 02:54,18.3
108,서울,2022-06-16 02:55,18.2
108,서울,2022-06-16 02:56,18.2
108,서울,2022-06-16 02:57,18.2
108,서울,2022-06-16 02:58,18.2
108,서울,2022-06-16 02:59,18.2
108,서울,2022-06-16 03:00,18.2
108,서울,2022-06-16 03:01,18.2
108,서울,2022-06-16 03:02,18.2
108,서울,2022-06-16 03:03,18.2
108,서울,2022-06-16 03:04,18.2
108,서울,2022-06-16 03:05,18.2
108,서울,2022-06-16 03:06,18.2
108,서울,2022-06-16 03:07,18.2
108,서울,2022-06-16 03:08,18.2
108,서울,2022-06-16 03:09,18.1
108,서울,2022-06-16 03:10,18.1
108,서울,2022-06-16 03:11,18.1
108,서울,2022-06-16 03:12,18.1
108,서울,2022-06-16 03:13,18.1
108,서울,2022-06-16 03:14,18.1
108,서울,2022-06-16 03:15,18.1
108,서울,2022-06-16 03:16,18.1
108,서울,2022-06-16 03:17,18.1
108,서울,2022-06-16 03:18,18.1
108,서울,2022-06-16 03:19,18.1
108,서울,2022-06-16 03:20,18
108,서울,2022-06-16 03:21,18
108,서울,2022-06-16 03:22,18
108,서울,2022-06-16 03:23,18
108,서울,2022-06-16 03:24,18
108,서울,2022-06-16 03:25,18
108,서울,2022-06-16 03:26,18
108,서울,2022-06-16 03:27,18
108,서울,2022-06-16 03:28,18
108,서울,2022-06-16 03:29,18
108,서울,2022-06-16 03:30,18
108,서울,2022-06-16 03:31,18
108,서울,2022-06-16 03:32,18
108,서울,2022-06-16 03:33,18
108,서울,2022-06-16 03:34,18
108,서울,2022-06-16 03:35,18
108,서울,2022-06-16 03:36,18
108,서울,2022-06-16 03:37,18
108,서울,2022-06-16 03:38,18
108,서울,2022-06-16 03:39,18
108,서울,2022-06-16 03:40,18
108,서울,2022-06-16 03:41,18
108,서울,2022-06-16 03:42,17.9
108,서울,2022-06-16 03:43,17.9
108,서울,2022-06-16 03:44,17.9
108,서울,2022-06-16 03:45,17.9
108,서울,2022-06-16 03:46,17.9
108,서울,2022-06-16 03:47,17.9
108,서울,2022-06-16 03:48,17.9
108,서울,2022-06-16 03:49,17.9
108,서울,2022-06-16 03:50,17.9
108,서울,2022-06-16 03:51,17.9
108,서울,2022-06-16 03:52,17.9
108,서울,2022-06-16 03:53,17.9
108,서울,2022-06-16 03:54,17.9
108,서울,2022-06-16 03:55,17.9
108,서울,2022-06-16 03:56,17.9
108,서울,2022-06-16 03:57,17.9
108,서울,2022-06-16 03:58,17.9
108,서울,2022-06-16 03:59,17.9
108,서울,2022-06-16 04:00,17.9
108,서울,2022-06-16 04:01,17.9
108,서울,2022-06-16 04:02,17.9
108,서울,2022-06-16 04:03,17.9
108,서울,2022-06-16 04:04,17.9
108,서울,2022-06-16 04:05,17.9
108,서울,2022-06-16 04:06,17.9
108,서울,2022-06-16 04:07,17.9
108,서울,2022-06-16 04:08,17.9
108,서울,2022-06-16 04:09,17.9
108,서울,2022-06-16 04:10,17.9
108,서울,2022-06-16 04:11,17.9
108,서울,2022-06-16 04:12,17.9
108,서울,2022-06-16 04:13,17.9
108,서울,2022-06-16 04:14,17.9
108,서울,2022-06-16 04:15,17.9
108,서울,2022-06-16 04:16,17.9
108,서울,2022-06-16 04:17,17.9
108,서울,2022-06-16 04:18,17.9
108,서울,2022-06-16 04:19,17.9
108,서울,2022-06-16 04:20,17.9
108,서울,2022-06-16 04:21,17.9
108,서울,2022-06-16 04:22,17.9
108,서울,2022-06-16 04:23,17.9
108,서울,2022-06-16 04:24,17.9
108,서울,2022-06-16 04:25,17.9
108,서울,2022-06-16 04:26,17.9
108,서울,2022-06-16 04:27,17.9
108,서울,2022-06-16 04:28,17.9
108,서울,2022-06-16 04:29,17.9
108,서울,2022-06-16 04:30,17.9
108,서울,2022-06-16 04:31,17.9
108,서울,2022-06-16 04:32,17.9
108,서울,2022-06-16 04:33,17.8
108,서울,2022-06-16 04:34,17.8
108,서울,2022-06-16 04:35,17.8
108,서울,2022-06-16 04:36,17.8
108,서울,2022-06-16 04:37,17.8
108,서울,2022-06-16 04:38,17.8
108,서울,2022-06-16 04:39,17.8
108,서울,2022-06-16 04:40,17.8
108,서울,2022-06-16 04:41,17.8
108,서울,2022-06-16 04:42,17.8
108,서울,2022-06-16 04:43,17.9
108,서울,2022-06-16 04:44,17.8
108,서울,2022-06-16 04:45,17.9
108,서울,2022-06-16 04:46,17.8
108,서울,2022-06-16 04:47,17.9
108,서울,2022-06-16 04:48,17.8
108,서울,2022-06-16 04:49,17.8
108,서울,2022-06-16 04:50,17.8
108,서울,2022-06-16 04:51,17.8
108,서울,2022-06-16 04:52,17.9
108,서울,2022-06-16 04:53,17.9
108,서울,2022-06-16 04:54,17.8
108,서울,2022-06-16 04:55,17.9
108,서울,2022-06-16 04:56,17.9
108,서울,2022-06-16 04:57,17.9
108,서울,2022-06-16 04:58,17.9
108,서울,2022-06-16 04:59,17.9
108,서울,2022-06-16 05:00,17.9
108,서울,2022-06-16 05:01,17.9
108,서울,2022-06-16 05:02,17.9
108,서울,2022-06-16 05:03,17.9
108,서울,2022-06-16 05:04,17.9
108,서울,2022-06-16 05:05,17.9
108,서울,2022-06-16 05:06,17.9
108,서울,2022-06-16 05:07,17.9
108,서울,2022-06-16 05:08,17.9
108,서울,2022-06-16 05:09,17.8
108,서울,2022-06-16 05:10,17.8
108,서울,2022-06-16 05:11,17.8
108,서울,2022-06-16 05:12,17.8
108,서울,2022-06-16 05:13,17.8
108,서울,2022-06-16 05:14,17.8
108,서울,2022-06-16 05:15,17.8
108,서울,2022-06-16 05:16,17.8
108,서울,2022-06-16 05:17,17.8
108,서울,2022-06-16 05:18,17.8
108,서울,2022-06-16 05:19,17.8
108,서울,2022-06-16 05:20,17.8
108,서울,2022-06-16 05:21,17.8
108,서울,2022-06-16 05:22,17.8
108,서울,2022-06-16 05:23,17.8
108,서울,2022-06-16 05:24,17.8
108,서울,2022-06-16 05:25,17.8
108,서울,2022-06-16 05:26,17.8
108,서울,2022-06-16 05:27,17.8
108,서울,2022-06-16 05:28,17.8
108,서울,2022-06-16 05:29,17.8
108,서울,2022-06-16 05:30,17.8
108,서울,2022-06-16 05:31,17.8
108,서울,2022-06-16 05:32,17.8
108,서울,2022-06-16 05:33,17.8
108,서울,2022-06-16 05:34,17.8
108,서울,2022-06-16 05:35,17.8
108,서울,2022-06-16 05:36,17.8
108,서울,2022-06-16 05:37,17.8
108,서울,2022-06-16 05:38,17.8
108,서울,2022-06-16 05:39,17.8
108,서울,2022-06-16 05:40,17.8
108,서울,2022-06-16 05:41,17.8
108,서울,2022-06-16 05:42,17.8
108,서울,2022-06-16 05:43,17.7
108,서울,2022-06-16 05:44,17.8
108,서울,2022-06-16 05:45,17.7
108,서울,2022-06-16 05:46,17.8
108,서울,2022-06-16 05:47,17.7
108,서울,2022-06-16 05:48,17.7
108,서울,2022-06-16 05:49,17.7
108,서울,2022-06-16 05:50,17.7
108,서울,2022-06-16 05:51,17.7
108,서울,2022-06-16 05:52,17.7
108,서울,2022-06-16 05:53,17.7
108,서울,2022-06-16 05:54,17.7
108,서울,2022-06-16 05:55,17.7
108,서울,2022-06-16 05:56,17.7
108,서울,2022-06-16 05:57,17.7
108,서울,2022-06-16 05:58,17.8
108,서울,2022-06-16 05:59,17.7
108,서울,2022-06-16 06:00,17.7
108,서울,2022-06-16 06:01,17.7
108,서울,2022-06-16 06:02,17.7
108,서울,2022-06-16 06:03,17.7
108,서울,2022-06-16 06:04,17.7
108,서울,2022-06-16 06:05,17.7
108,서울,2022-06-16 06:06,17.7
108,서울,2022-06-16 06:07,17.7
108,서울,2022-06-16 06:08,17.7
108,서울,2022-06-16 06:09,17.7
108,서울,2022-06-16 06:10,17.7
108,서울,2022-06-16 06:11,17.7
108,서울,2022-06-16 06:12,17.7
108,서울,2022-06-16 06:13,17.7
108,서울,2022-06-16 06:14,17.7
108,서울,2022-06-16 06:15,17.7
108,서울,2022-06-16 06:16,17.7
108,서울,2022-06-16 06:17,17.7
108,서울,2022-06-16 06:18,17.7
108,서울,2022-06-16 06:19,17.6
108,서울,2022-06-16 06:20,17.6
108,서울,2022-06-16 06:21,17.7
108,서울,2022-06-16 06:22,17.7
108,서울,2022-06-16 06:23,17.6
108,서울,2022-06-16 06:24,17.6
108,서울,2022-06-16 06:25,17.6
108,서울,2022-06-16 06:26,17.6
108,서울,2022-06-16 06:27,17.6
108,서울,2022-06-16 06:28,17.6
108,서울,2022-06-16 06:29,17.6
108,서울,2022-06-16 06:30,17.6
108,서울,2022-06-16 06:31,17.7
108,서울,2022-06-16 06:32,17.6
108,서울,2022-06-16 06:33,17.6
108,서울,2022-06-16 06:34,17.7
108,서울,2022-06-16 06:35,17.6
108,서울,2022-06-16 06:36,17.7
108,서울,2022-06-16 06:37,17.7
108,서울,2022-06-16 06:38,17.6
108,서울,2022-06-16 06:39,17.6
108,서울,2022-06-16 06:40,17.7
108,서울,2022-06-16 06:41,17.7
108,서울,2022-06-16 06:42,17.7
108,서울,2022-06-16 06:43,17.7
108,서울,2022-06-16 06:44,17.7
108,서울,2022-06-16 06:45,17.7
108,서울,2022-06-16 06:46,17.7
108,서울,2022-06-16 06:47,17.7
108,서울,2022-06-16 06:48,17.7
108,서울,2022-06-16 06:49,17.7
108,서울,2022-06-16 06:50,17.7
108,서울,2022-06-16 06:51,17.7
108,서울,2022-06-16 06:52,17.7
108,서울,2022-06-16 06:53,17.7
108,서울,2022-06-16 06:54,17.7
108,서울,2022-06-16 06:55,17.7
108,서울,2022-06-16 06:56,17.7
108,서울,2022-06-16 06:57,17.8
108,서울,2022-06-16 06:58,17.8
108,서울,2022-06-16 06:59,17.8
108,서울,2022-06-16 07:00,17.8
108,서울,2022-06-16 07:01,17.8
108,서울,2022-06-16 07:02,17.8
108,서울,2022-06-16 07:03,17.8
108,서울,2022-06-16 07:04,17.8
108,서울,2022-06-16 07:05,17.8
108,서울,2022-06-16 07:06,17.8
108,서울,2022-06-16 07:07,17.8
108,서울,2022-06-16 07:08,17.8
108,서울,2022-06-16 07:09,17.8
108,서울,2022-06-16 07:10,17.8
108,서울,2022-06-16 07:11,17.8
108,서울,2022-06-16 07:12,17.8
108,서울,2022-06-16 07:13,17.8
108,서울,2022-06-16 07:14,17.8
108,서울,2022-06-16 07:15,17.8
108,서울,2022-06-16 07:16,17.8
108,서울,2022-06-16 07:17,17.8
108,서울,2022-06-16 07:18,17.8
108,서울,2022-06-16 07:19,17.8
108,서울,2022-06-16 07:20,17.8
108,서울,2022-06-16 07:21,17.8
108,서울,2022-06-16 07:22,17.8
108,서울,2022-06-16 07:23,17.8
108,서울,2022-06-16 07:24,17.8
108,서울,2022-06-16 07:25,17.8
108,서울,2022-06-16 07:26,17.9
108,서울,2022-06-16 07:27,17.9
108,서울,2022-06-16 07:28,17.9
108,서울,2022-06-16 07:29,17.9
108,서울,2022-06-16 07:30,17.9
108,서울,2022-06-16 07:31,17.9
108,서울,2022-06-16 07:32,17.9
108,서울,2022-06-16 07:33,17.9
108,서울,2022-06-16 07:34,17.9
108,서울,2022-06-16 07:35,17.9
108,서울,2022-06-16 07:36,17.9
108,서울,2022-06-16 07:37,17.9
108,서울,2022-06-16 07:38,17.9
108,서울,2022-06-16 07:39,17.9
108,서울,2022-06-16 07:40,17.9
108,서울,2022-06-16 07:41,17.9
108,서울,2022-06-16 07:42,17.9
108,서울,2022-06-16 07:43,18
108,서울,2022-06-16 07:44,18
108,서울,2022-06-16 07:45,18
108,서울,2022-06-16 07:46,18
108,서울,2022-06-16 07:47,18
108,서울,2022-06-16 07:48,18
108,서울,2022-06-16 07:49,18
108,서울,2022-06-16 07:50,18
108,서울,2022-06-16 07:51,18
108,서울,2022-06-16 07:52,18
108,서울,2022-06-16 07:53,18
108,서울,2022-06-16 07:54,18.1
108,서울,2022-06-16 07:55,18
108,서울,2022-06-16 07:56,18.1
108,서울,2022-06-16 07:57,18.1
108,서울,2022-06-16 07:58,18.1
108,서울,2022-06-16 07:59,18.1
108,서울,2022-06-16 08:00,18.1
108,서울,2022-06-16 08:01,18.1
108,서울,2022-06-16 08:02,18.1
108,서울,2022-06-16 08:03,18.1
108,서울,2022-06-16 08:04,18.1
108,서울,2022-06-16 08:05,18.1
108,서울,2022-06-16 08:06,18.1
108,서울,2022-06-16 08:07,18.1
108,서울,2022-06-16 08:08,18.1
108,서울,2022-06-16 08:09,18.1
108,서울,2022-06-16 08:10,18.1
108,서울,2022-06-16 08:11,18.1
108,서울,2022-06-16 08:12,18.1
108,서울,2022-06-16 08:13,18.1
108,서울,2022-06-16 08:14,18.1
108,서울,2022-06-16 08:15,18.1
108,서울,2022-06-16 08:16,18.1
108,서울,2022-06-16 08:17,18.1
108,서울,2022-06-16 08:18,18.1
108,서울,2022-06-16 08:19,18.1
108,서울,2022-06-16 08:20,18.1
108,서울,2022-06-16 08:21,18.1
108,서울,2022-06-16 08:22,18.1
108,서울,2022-06-16 08:23,18.1
108,서울,2022-06-16 08:24,18.1
108,서울,2022-06-16 08:25,18.1
108,서울,2022-06-16 08:26,18.1
108,서울,2022-06-16 08:27,18.1
108,서울,2022-06-16 08:28,18.1
108,서울,2022-06-16 08:29,18.1
108,서울,2022-06-16 08:30,18.1
108,서울,2022-06-16 08:31,18.1
108,서울,2022-06-16 08:32,18.1
108,서울,2022-06-16 08:33,18.1
108,서울,2022-06-16 08:34,18.1
108,서울,2022-06-16 08:35,18.1
108,서울,2022-06-16 08:36,18.1
108,서울,2022-06-16 08:37,18.1
108,서울,2022-06-16 08:38,18.1
108,서울,2022-06-16 08:39,18.1
108,서울,2022-06-16 08:40,18.1
108,서울,2022-06-16 08:41,18.1
108,서울,2022-06-16 08:42,18.1
108,서울,2022-06-16 08:43,18.2
108,서울,2022-06-16 08:44,18.2
108,서울,2022-06-16 08:45,18.2
108,서울,2022-06-16 08:46,18.2
108,서울,2022-06-16 08:47,18.2
108,서울,2022-06-16 08:48,18.2
108,서울,2022-06-16 08:49,18.2
108,서울,2022-06-16 08:50,18.2
108,서울,2022-06-16 08:51,18.2
108,서울,2022-06-16 08:52,18.2
108,서울,2022-06-16 08:53,18.2
108,서울,2022-06-16 08:54,18.2
108,서울,2022-06-16 08:55,18.2
108,서울,2022-06-16 08:56,18.2
108,서울,2022-06-16 08:57,18.3
108,서울,2022-06-16 08:58,18.3
108,서울,2022-06-16 08:59,18.3
108,서울,2022-06-16 09:00,18.3
108,서울,2022-06-16 09:01,18.3
108,서울,2022-06-16 09:02,18.3
108,서울,2022-06-16 09:03,18.3
108,서울,2022-06-16 09:04,18.3
108,서울,2022-06-16 09:05,18.4
108,서울,2022-06-16 09:06,18.4
108,서울,2022-06-16 09:07,18.4
108,서울,2022-06-16 09:08,18.4
108,서울,2022-06-16 09:09,18.4
108,서울,2022-06-16 09:10,18.4
108,서울,2022-06-16 09:11,18.4
108,서울,2022-06-16 09:12,18.4
108,서울,2022-06-16 09:13,18.5
108,서울,2022-06-16 09:14,18.5
108,서울,2022-06-16 09:15,18.5
108,서울,2022-06-16 09:16,18.6
108,서울,2022-06-16 09:17,18.6
108,서울,2022-06-16 09:18,18.6
108,서울,2022-06-16 09:19,18.7
108,서울,2022-06-16 09:20,18.7
108,서울,2022-06-16 09:21,18.7
108,서울,2022-06-16 09:22,18.8
108,서울,2022-06-16 09:23,18.8
108,서울,2022-06-16 09:24,18.8
108,서울,2022-06-16 09:25,18.9
108,서울,2022-06-16 09:26,18.9
108,서울,2022-06-16 09:27,18.9
108,서울,2022-06-16 09:28,18.9
108,서울,2022-06-16 09:29,19
108,서울,2022-06-16 09:30,19
108,서울,2022-06-16 09:31,19
108,서울,2022-06-16 09:32,19.1
108,서울,2022-06-16 09:33,19.1
108,서울,2022-06-16 09:34,19.2
108,서울,2022-06-16 09:35,19.2
108,서울,2022-06-16 09:36,19.3
108,서울,2022-06-16 09:37,19.3
108,서울,2022-06-16 09:38,19.3
108,서울,2022-06-16 09:39,19.4
108,서울,2022-06-16 09:40,19.4
108,서울,2022-06-16 09:41,19.4
108,서울,2022-06-16 09:42,19.4
108,서울,2022-06-16 09:43,19.4
108,서울,2022-06-16 09:44,19.5
108,서울,2022-06-16 09:45,19.5
108,서울,2022-06-16 09:46,19.5
108,서울,2022-06-16 09:47,19.5
108,서울,2022-06-16 09:48,19.6
108,서울,2022-06-16 09:49,19.6
108,서울,2022-06-16 09:50,19.6
108,서울,2022-06-16 09:51,19.6
108,서울,2022-06-16 09:52,19.7
108,서울,2022-06-16 09:53,19.7
108,서울,2022-06-16 09:54,19.8
108,서울,2022-06-16 09:55,19.8
108,서울,2022-06-16 09:56,19.8
108,서울,2022-06-16 09:57,19.8
108,서울,2022-06-16 09:58,19.8
108,서울,2022-06-16 09:59,19.8
108,서울,2022-06-16 10:00,19.8
108,서울,2022-06-16 10:01,19.9
108,서울,2022-06-16 10:02,19.9
108,서울,2022-06-16 10:03,19.9
108,서울,2022-06-16 10:04,19.9
108,서울,2022-06-16 10:05,19.9
108,서울,2022-06-16 10:06,19.9
108,서울,2022-06-16 10:07,19.9
108,서울,2022-06-16 10:08,19.9
108,서울,2022-06-16 10:09,19.9
108,서울,2022-06-16 10:10,19.9
108,서울,2022-06-16 10:11,19.9
108,서울,2022-06-16 10:12,20
108,서울,2022-06-16 10:13,20
108,서울,2022-06-16 10:14,20
108,서울,2022-06-16 10:15,20
108,서울,2022-06-16 10:16,20
108,서울,2022-06-16 10:17,20
108,서울,2022-06-16 10:18,20
108,서울,2022-06-16 10:19,20
108,서울,2022-06-16 10:20,20
108,서울,2022-06-16 10:21,20
108,서울,2022-06-16 10:22,20.1
108,서울,2022-06-16 10:23,20.1
108,서울,2022-06-16 10:24,20.2
108,서울,2022-06-16 10:25,20.2
108,서울,2022-06-16 10:26,20.2
108,서울,2022-06-16 10:27,20.3
108,서울,2022-06-16 10:28,20.3
108,서울,2022-06-16 10:29,20.3
108,서울,2022-06-16 10:30,20.3
108,서울,2022-06-16 10:31,20.4
108,서울,2022-06-16 10:32,20.4
108,서울,2022-06-16 10:33,20.5
108,서울,2022-06-16 10:34,20.5
108,서울,2022-06-16 10:35,20.5
108,서울,2022-06-16 10:36,20.6
108,서울,2022-06-16 10:37,20.6
108,서울,2022-06-16 10:38,20.6
108,서울,2022-06-16 10:39,20.7
108,서울,2022-06-16 10:40,20.8
108,서울,2022-06-16 10:41,20.8
108,서울,2022-06-16 10:42,20.9
108,서울,2022-06-16 10:43,20.9
108,서울,2022-06-16 10:44,20.9
108,서울,2022-06-16 10:45,20.9
108,서울,2022-06-16 10:46,21
108,서울,2022-06-16 10:47,21
108,서울,2022-06-16 10:48,21
108,서울,2022-06-16 10:49,21
108,서울,2022-06-16 10:50,21.1
108,서울,2022-06-16 10:51,21.1
108,서울,2022-06-16 10:52,21.1
108,서울,2022-06-16 10:53,21.1
108,서울,2022-06-16 10:54,21.2
108,서울,2022-06-16 10:55,21.2
108,서울,2022-06-16 10:56,21.2
108,서울,2022-06-16 10:57,21.3
108,서울,2022-06-16 10:58,21.3
108,서울,2022-06-16 10:59,21.3
108,서울,2022-06-16 11:00,21.3
108,서울,2022-06-16 11:01,21.3
108,서울,2022-06-16 11:02,21.3
108,서울,2022-06-16 11:03,21.4
108,서울,2022-06-16 11:04,21.3
108,서울,2022-06-16 11:05,21.4
108,서울,2022-06-16 11:06,21.4
108,서울,2022-06-16 11:07,21.4
108,서울,2022-06-16 11:08,21.5
108,서울,2022-06-16 11:09,21.5
108,서울,2022-06-16 11:10,21.6
108,서울,2022-06-16 11:11,21.6
108,서울,2022-06-16 11:12,21.6
108,서울,2022-06-16 11:13,21.6
108,서울,2022-06-16 11:14,21.6
108,서울,2022-06-16 11:15,21.7
108,서울,2022-06-16 11:16,21.7
108,서울,2022-06-16 11:17,21.7
108,서울,2022-06-16 11:18,21.7
108,서울,2022-06-16 11:19,21.7
108,서울,2022-06-16 11:20,21.8
108,서울,2022-06-16 11:21,21.7
108,서울,2022-06-16 11:22,21.7
108,서울,2022-06-16 11:23,21.7
108,서울,2022-06-16 11:24,21.6
108,서울,2022-06-16 11:25,21.6
108,서울,2022-06-16 11:26,21.6
108,서울,2022-06-16 11:27,21.7
108,서울,2022-06-16 11:28,21.7
108,서울,2022-06-16 11:29,21.7
108,서울,2022-06-16 11:30,21.7
108,서울,2022-06-16 11:31,21.7
108,서울,2022-06-16 11:32,21.7
108,서울,2022-06-16 11:33,21.7
108,서울,2022-06-16 11:34,21.7
108,서울,2022-06-16 11:35,21.7
108,서울,2022-06-16 11:36,21.6
108,서울,2022-06-16 11:37,21.6
108,서울,2022-06-16 11:38,21.6
108,서울,2022-06-16 11:39,21.6
108,서울,2022-06-16 11:40,21.5
108,서울,2022-06-16 11:41,21.5
108,서울,2022-06-16 11:42,21.5
108,서울,2022-06-16 11:43,21.5
108,서울,2022-06-16 11:44,21.5
108,서울,2022-06-16 11:45,21.4
108,서울,2022-06-16 11:46,21.4
108,서울,2022-06-16 11:47,21.3
108,서울,2022-06-16 11:48,21.3
108,서울,2022-06-16 11:49,21.2
108,서울,2022-06-16 11:50,21.2
108,서울,2022-06-16 11:51,21.2
108,서울,2022-06-16 11:52,21.2
108,서울,2022-06-16 11:53,21.1
108,서울,2022-06-16 11:54,21.1
108,서울,2022-06-16 11:55,21.1
108,서울,2022-06-16 11:56,21.1
108,서울,2022-06-16 11:57,21.1
108,서울,2022-06-16 11:58,21.1
108,서울,2022-06-16 11:59,21.1
108,서울,2022-06-16 12:00,21.2
108,서울,2022-06-16 12:01,21.2
108,서울,2022-06-16 12:02,21.3
108,서울,2022-06-16 12:03,21.3
108,서울,2022-06-16 12:04,21.4
108,서울,2022-06-16 12:05,21.4
108,서울,2022-06-16 12:06,21.4
108,서울,2022-06-16 12:07,21.4
108,서울,2022-06-16 12:08,21.4
108,서울,2022-06-16 12:09,21.4
108,서울,2022-06-16 12:10,21.4
108,서울,2022-06-16 12:11,21.4
108,서울,2022-06-16 12:12,21.4
108,서울,2022-06-16 12:13,21.4
108,서울,2022-06-16 12:14,21.4
108,서울,2022-06-16 12:15,21.4
108,서울,2022-06-16 12:16,21.4
108,서울,2022-06-16 12:17,21.4
108,서울,2022-06-16 12:18,21.4
108,서울,2022-06-16 12:19,21.4
108,서울,2022-06-16 12:20,21.4
108,서울,2022-06-16 12:21,21.4
108,서울,2022-06-16 12:22,21.4
108,서울,2022-06-16 12:23,21.4
108,서울,2022-06-16 12:24,21.4
108,서울,2022-06-16 12:25,21.4
108,서울,2022-06-16 12:26,21.4
108,서울,2022-06-16 12:27,21.4
108,서울,2022-06-16 12:28,21.4
108,서울,2022-06-16 12:29,21.4
108,서울,2022-06-16 12:30,21.4
108,서울,2022-06-16 12:31,21.4
108,서울,2022-06-16 12:32,21.5
108,서울,2022-06-16 12:33,21.5
108,서울,2022-06-16 12:34,21.6
108,서울,2022-06-16 12:35,21.7
108,서울,2022-06-16 12:36,21.8
108,서울,2022-06-16 12:37,21.8
108,서울,2022-06-16 12:38,21.8
108,서울,2022-06-16 12:39,21.9
108,서울,2022-06-16 12:40,21.9
108,서울,2022-06-16 12:41,21.9
108,서울,2022-06-16 12:42,21.9
108,서울,2022-06-16 12:43,21.9
108,서울,2022-06-16 12:44,21.9
108,서울,2022-06-16 12:45,21.9
108,서울,2022-06-16 12:46,21.9
108,서울,2022-06-16 12:47,21.9
108,서울,2022-06-16 12:48,21.9
108,서울,2022-06-16 12:49,21.9
108,서울,2022-06-16 12:50,21.8
108,서울,2022-06-16 12:51,21.8
108,서울,2022-06-16 12:52,21.8
108,서울,2022-06-16 12:53,21.8
108,서울,2022-06-16 12:54,21.8
108,서울,2022-06-16 12:55,21.8
108,서울,2022-06-16 12:56,21.8
108,서울,2022-06-16 12:57,21.8
108,서울,2022-06-16 12:58,21.8
108,서울,2022-06-16 12:59,21.8
108,서울,2022-06-16 13:00,21.8
108,서울,2022-06-16 13:01,21.8
108,서울,2022-06-16 13:02,21.8
108,서울,2022-06-16 13:03,21.8
108,서울,2022-06-16 13:04,21.8
108,서울,2022-06-16 13:05,21.8
108,서울,2022-06-16 13:06,21.8
108,서울,2022-06-16 13:07,21.8
108,서울,2022-06-16 13:08,21.8
108,서울,2022-06-16 13:09,21.8
108,서울,2022-06-16 13:10,21.8
108,서울,2022-06-16 13:11,21.9
108,서울,2022-06-16 13:12,21.8
108,서울,2022-06-16 13:13,21.8
108,서울,2022-06-16 13:14,21.8
108,서울,2022-06-16 13:15,21.8
108,서울,2022-06-16 13:16,21.8
108,서울,2022-06-16 13:17,21.8
108,서울,2022-06-16 13:18,21.8
108,서울,2022-06-16 13:19,21.8
108,서울,2022-06-16 13:20,21.8
108,서울,2022-06-16 13:21,21.9
108,서울,2022-06-16 13:22,21.9
108,서울,2022-06-16 13:23,21.9
108,서울,2022-06-16 13:24,21.9
108,서울,2022-06-16 13:25,21.9
108,서울,2022-06-16 13:26,22
108,서울,2022-06-16 13:27,22
108,서울,2022-06-16 13:28,22
108,서울,2022-06-16 13:29,22
108,서울,2022-06-16 13:30,22
108,서울,2022-06-16 13:31,22
108,서울,2022-06-16 13:32,22
108,서울,2022-06-16 13:33,22
108,서울,2022-06-16 13:34,22
108,서울,2022-06-16 13:35,22
108,서울,2022-06-16 13:36,22.1
108,서울,2022-06-16 13:37,22.1
108,서울,2022-06-16 13:38,22.1
108,서울,2022-06-16 13:39,22.1
108,서울,2022-06-16 13:40,22.1
108,서울,2022-06-16 13:41,22.1
108,서울,2022-06-16 13:42,22.1
108,서울,2022-06-16 13:43,22.1
108,서울,2022-06-16 13:44,22.1
108,서울,2022-06-16 13:45,22
108,서울,2022-06-16 13:46,22
108,서울,2022-06-16 13:47,22
108,서울,2022-06-16 13:48,22
108,서울,2022-06-16 13:49,22
108,서울,2022-06-16 13:50,22
108,서울,2022-06-16 13:51,22
108,서울,2022-06-16 13:52,22
108,서울,2022-06-16 13:53,21.9
108,서울,2022-06-16 13:54,22
108,서울,2022-06-16 13:55,22
108,서울,2022-06-16 13:56,22
108,서울,2022-06-16 13:57,22
108,서울,2022-06-16 13:58,22
108,서울,2022-06-16 13:59,22
108,서울,2022-06-16 14:00,22.1
108,서울,2022-06-16 14:01,22.1
108,서울,2022-06-16 14:02,22.1
108,서울,2022-06-16 14:03,22.1
108,서울,2022-06-16 14:04,22.1
108,서울,2022-06-16 14:05,22.2
108,서울,2022-06-16 14:06,22.2
108,서울,2022-06-16 14:07,22.2
108,서울,2022-06-16 14:08,22.2
108,서울,2022-06-16 14:09,22.2
108,서울,2022-06-16 14:10,22.2
108,서울,2022-06-16 14:11,22.3
108,서울,2022-06-16 14:12,22.3
108,서울,2022-06-16 14:13,22.3
108,서울,2022-06-16 14:14,22.3
108,서울,2022-06-16 14:15,22.3
108,서울,2022-06-16 14:16,22.3
108,서울,2022-06-16 14:17,22.3
108,서울,2022-06-16 14:18,22.3
108,서울,2022-06-16 14:19,22.2
108,서울,2022-06-16 14:20,22.2
108,서울,2022-06-16 14:21,22.2
108,서울,2022-06-16 14:22,22.2
108,서울,2022-06-16 14:23,22.2
108,서울,2022-06-16 14:24,22.2
108,서울,2022-06-16 14:25,22.2
108,서울,2022-06-16 14:26,22.2
108,서울,2022-06-16 14:27,22.2
108,서울,2022-06-16 14:28,22.2
108,서울,2022-06-16 14:29,22.2
108,서울,2022-06-16 14:30,22.2
108,서울,2022-06-16 14:31,22.2
108,서울,2022-06-16 14:32,22.3
108,서울,2022-06-16 14:33,22.3
108,서울,2022-06-16 14:34,22.4
108,서울,2022-06-16 14:35,22.4
108,서울,2022-06-16 14:36,22.5
108,서울,2022-06-16 14:37,22.6
108,서울,2022-06-16 14:38,22.6
108,서울,2022-06-16 14:39,22.7
108,서울,2022-06-16 14:40,22.7
108,서울,2022-06-16 14:41,22.7
108,서울,2022-06-16 14:42,22.8
108,서울,2022-06-16 14:43,22.8
108,서울,2022-06-16 14:44,22.8
108,서울,2022-06-16 14:45,22.8
108,서울,2022-06-16 14:46,22.8
108,서울,2022-06-16 14:47,22.8
108,서울,2022-06-16 14:48,22.9
108,서울,2022-06-16 14:49,22.9
108,서울,2022-06-16 14:50,22.9
108,서울,2022-06-16 14:51,22.9
108,서울,2022-06-16 14:52,23
108,서울,2022-06-16 14:53,23
108,서울,2022-06-16 14:54,23
108,서울,2022-06-16 14:55,23
108,서울,2022-06-16 14:56,23.1
108,서울,2022-06-16 14:57,23.1
108,서울,2022-06-16 14:58,23.1
108,서울,2022-06-16 14:59,23
108,서울,2022-06-16 15:00,23.1
108,서울,2022-06-16 15:01,23.1
108,서울,2022-06-16 15:02,23.1
108,서울,2022-06-16 15:03,23.1
108,서울,2022-06-16 15:04,23.1
108,서울,2022-06-16 15:05,23.1
108,서울,2022-06-16 15:06,23.1
108,서울,2022-06-16 15:07,23.1
108,서울,2022-06-16 15:08,23.1
108,서울,2022-06-16 15:09,23.1
108,서울,2022-06-16 15:10,23
108,서울,2022-06-16 15:11,23.1
108,서울,2022-06-16 15:12,23
108,서울,2022-06-16 15:13,23
108,서울,2022-06-16 15:14,23
108,서울,2022-06-16 15:15,23
108,서울,2022-06-16 15:16,23
108,서울,2022-06-16 15:17,23
108,서울,2022-06-16 15:18,23
108,서울,2022-06-16 15:19,23
108,서울,2022-06-16 15:20,22.9
108,서울,2022-06-16 15:21,23
108,서울,2022-06-16 15:22,22.9
108,서울,2022-06-16 15:23,23
108,서울,2022-06-16 15:24,23
108,서울,2022-06-16 15:25,23
108,서울,2022-06-16 15:26,23
108,서울,2022-06-16 15:27,23
108,서울,2022-06-16 15:28,23
108,서울,2022-06-16 15:29,23
108,서울,2022-06-16 15:30,23
108,서울,2022-06-16 15:31,23.1
108,서울,2022-06-16 15:32,23.1
108,서울,2022-06-16 15:33,23
108,서울,2022-06-16 15:34,23
108,서울,2022-06-16 15:35,23
108,서울,2022-06-16 15:36,23.1
108,서울,2022-06-16 15:37,23.1
108,서울,2022-06-16 15:38,23.1
108,서울,2022-06-16 15:39,23
108,서울,2022-06-16 15:40,23.1
108,서울,2022-06-16 15:41,23.2
108,서울,2022-06-16 15:42,23.2
108,서울,2022-06-16 15:43,23.3
108,서울,2022-06-16 15:44,23.3
108,서울,2022-06-16 15:45,23.4
108,서울,2022-06-16 15:46,23.5
108,서울,2022-06-16 15:47,23.5
108,서울,2022-06-16 15:48,23.5
108,서울,2022-06-16 15:49,23.6
108,서울,2022-06-16 15:50,23.6
108,서울,2022-06-16 15:51,23.6
108,서울,2022-06-16 15:52,23.7
108,서울,2022-06-16 15:53,23.7
108,서울,2022-06-16 15:54,23.8
108,서울,2022-06-16 15:55,23.8
108,서울,2022-06-16 15:56,23.9
108,서울,2022-06-16 15:57,23.8
108,서울,2022-06-16 15:58,23.9
108,서울,2022-06-16 15:59,23.9
108,서울,2022-06-16 16:00,23.9
108,서울,2022-06-16 16:01,23.9
108,서울,2022-06-16 16:02,23.9
108,서울,2022-06-16 16:03,23.9
108,서울,2022-06-16 16:04,23.9
108,서울,2022-06-16 16:05,24
108,서울,2022-06-16 16:06,24
108,서울,2022-06-16 16:07,24
108,서울,2022-06-16 16:08,23.9
108,서울,2022-06-16 16:09,23.9
108,서울,2022-06-16 16:10,23.8
108,서울,2022-06-16 16:11,23.8
108,서울,2022-06-16 16:12,23.8
108,서울,2022-06-16 16:13,23.8
108,서울,2022-06-16 16:14,23.8
108,서울,2022-06-16 16:15,23.8
108,서울,2022-06-16 16:16,23.8
108,서울,2022-06-16 16:17,23.8
108,서울,2022-06-16 16:18,23.8
108,서울,2022-06-16 16:19,23.9
108,서울,2022-06-16 16:20,23.9
108,서울,2022-06-16 16:21,23.9
108,서울,2022-06-16 16:22,23.9
108,서울,2022-06-16 16:23,23.9
108,서울,2022-06-16 16:24,23.8
108,서울,2022-06-16 16:25,23.8
108,서울,2022-06-16 16:26,23.9
108,서울,2022-06-16 16:27,23.8
108,서울,2022-06-16 16:28,23.9
108,서울,2022-06-16 16:29,23.9
108,서울,2022-06-16 16:30,23.8
108,서울,2022-06-16 16:31,23.8
108,서울,2022-06-16 16:32,23.8
108,서울,2022-06-16 16:33,23.7
108,서울,2022-06-16 16:34,23.7
108,서울,2022-06-16 16:35,23.7
108,서울,2022-06-16 16:36,23.7
108,서울,2022-06-16 16:37,23.7
108,서울,2022-06-16 16:38,23.7
108,서울,2022-06-16 16:39,23.7
108,서울,2022-06-16 16:40,23.6
108,서울,2022-06-16 16:41,23.6
108,서울,2022-06-16 16:42,23.7
108,서울,2022-06-16 16:43,23.8
108,서울,2022-06-16 16:44,23.8
108,서울,2022-06-16 16:45,23.9
108,서울,2022-06-16 16:46,23.9
108,서울,2022-06-16 16:47,24
108,서울,2022-06-16 16:48,24.1
108,서울,2022-06-16 16:49,24.1
108,서울,2022-06-16 16:50,24.2
108,서울,2022-06-16 16:51,24.2
108,서울,2022-06-16 16:52,24.2
108,서울,2022-06-16 16:53,24.2
108,서울,2022-06-16 16:54,24.3
108,서울,2022-06-16 16:55,24.3
108,서울,2022-06-16 16:56,24.4
108,서울,2022-06-16 16:57,24.4
108,서울,2022-06-16 16:58,24.4
108,서울,2022-06-16 16:59,24.4
108,서울,2022-06-16 17:00,24.5
108,서울,2022-06-16 17:01,24.5
108,서울,2022-06-16 17:02,24.4
108,서울,2022-06-16 17:03,24.4
108,서울,2022-06-16 17:04,24.5
108,서울,2022-06-16 17:05,24.5
108,서울,2022-06-16 17:06,24.5
108,서울,2022-06-16 17:07,24.5
108,서울,2022-06-16 17:08,24.5
108,서울,2022-06-16 17:09,24.5
108,서울,2022-06-16 17:10,24.5
108,서울,2022-06-16 17:11,24.6
108,서울,2022-06-16 17:12,24.6
108,서울,2022-06-16 17:13,24.6
108,서울,2022-06-16 17:14,24.7
108,서울,2022-06-16 17:15,24.7
108,서울,2022-06-16 17:16,24.7
108,서울,2022-06-16 17:17,24.6
108,서울,2022-06-16 17:18,24.6
108,서울,2022-06-16 17:19,24.6
108,서울,2022-06-16 17:20,24.7
108,서울,2022-06-16 17:21,24.7
108,서울,2022-06-16 17:22,24.6
108,서울,2022-06-16 17:23,24.6
108,서울,2022-06-16 17:24,24.6
108,서울,2022-06-16 17:25,24.6
108,서울,2022-06-16 17:26,24.6
108,서울,2022-06-16 17:27,24.6
108,서울,2022-06-16 17:28,24.7
108,서울,2022-06-16 17:29,24.7
108,서울,2022-06-16 17:30,24.7
108,서울,2022-06-16 17:31,24.7
108,서울,2022-06-16 17:32,24.7
108,서울,2022-06-16 17:33,24.7
108,서울,2022-06-16 17:34,24.7
108,서울,2022-06-16 17:35,24.7
108,서울,2022-06-16 17:36,24.7
108,서울,2022-06-16 17:37,24.8
108,서울,2022-06-16 17:38,24.8
108,서울,2022-06-16 17:39,24.8
108,서울,2022-06-16 17:40,24.8
108,서울,2022-06-16 17:41,24.8
108,서울,2022-06-16 17:42,24.8
108,서울,2022-06-16 17:43,24.8
108,서울,2022-06-16 17:44,24.8
108,서울,2022-06-16 17:45,24.7
108,서울,2022-06-16 17:46,24.7
108,서울,2022-06-16 17:47,24.6
108,서울,2022-06-16 17:48,24.6
108,서울,2022-06-16 17:49,24.6
108,서울,2022-06-16 17:50,24.6
108,서울,2022-06-16 17:51,24.5
108,서울,2022-06-16 17:52,24.5
108,서울,2022-06-16 17:53,24.5
108,서울,2022-06-16 17:54,24.6
108,서울,2022-06-16 17:55,24.6
108,서울,2022-06-16 17:56,24.6
108,서울,2022-06-16 17:57,24.6
108,서울,2022-06-16 17:58,24.6
108,서울,2022-06-16 17:59,24.6
108,서울,2022-06-16 18:00,24.6
108,서울,2022-06-16 18:01,24.6
108,서울,2022-06-16 18:02,24.6
108,서울,2022-06-16 18:03,24.6
108,서울,2022-06-16 18:04,24.6
108,서울,2022-06-16 18:05,24.7
108,서울,2022-06-16 18:06,24.7
108,서울,2022-06-16 18:07,24.7
108,서울,2022-06-16 18:08,24.6
108,서울,2022-06-16 18:09,24.6
108,서울,2022-06-16 18:10,24.6
108,서울,2022-06-16 18:11,24.6
108,서울,2022-06-16 18:12,24.6
108,서울,2022-06-16 18:13,24.6
108,서울,2022-06-16 18:14,24.6
108,서울,2022-06-16 18:15,24.6
108,서울,2022-06-16 18:16,24.6
108,서울,2022-06-16 18:17,24.6
108,서울,2022-06-16 18:18,24.6
108,서울,2022-06-16 18:19,24.6
108,서울,2022-06-16 18:20,24.6
108,서울,2022-06-16 18:21,24.6
108,서울,2022-06-16 18:22,24.6
108,서울,2022-06-16 18:23,24.5
108,서울,2022-06-16 18:24,24.5
108,서울,2022-06-16 18:25,24.5
108,서울,2022-06-16 18:26,24.5
108,서울,2022-06-16 18:27,24.5
108,서울,2022-06-16 18:28,24.5
108,서울,2022-06-16 18:29,24.5
108,서울,2022-06-16 18:30,24.5
108,서울,2022-06-16 18:31,24.4
108,서울,2022-06-16 18:32,24.4
108,서울,2022-06-16 18:33,24.4
108,서울,2022-06-16 18:34,24.4
108,서울,2022-06-16 18:35,24.4
108,서울,2022-06-16 18:36,24.3
108,서울,2022-06-16 18:37,24.3
108,서울,2022-06-16 18:38,24.3
108,서울,2022-06-16 18:39,24.2
108,서울,2022-06-16 18:40,24.2
108,서울,2022-06-16 18:41,24.2
108,서울,2022-06-16 18:42,24.2
108,서울,2022-06-16 18:43,24.1
108,서울,2022-06-16 18:44,24.1
108,서울,2022-06-16 18:45,24.1
108,서울,2022-06-16 18:46,24.1
108,서울,2022-06-16 18:47,24.1
108,서울,2022-06-16 18:48,24.1
108,서울,2022-06-16 18:49,24.1
108,서울,2022-06-16 18:50,24
108,서울,2022-06-16 18:51,24
108,서울,2022-06-16 18:52,23.9
108,서울,2022-06-16 18:53,23.9
108,서울,2022-06-16 18:54,24
108,서울,2022-06-16 18:55,23.9
108,서울,2022-06-16 18:56,23.9
108,서울,2022-06-16 18:57,23.9
108,서울,2022-06-16 18:58,23.9
108,서울,2022-06-16 18:59,23.8
108,서울,2022-06-16 19:00,23.8
108,서울,2022-06-16 19:01,23.8
108,서울,2022-06-16 19:02,23.8
108,서울,2022-06-16 19:03,23.8
108,서울,2022-06-16 19:04,23.7
108,서울,2022-06-16 19:05,23.7
108,서울,2022-06-16 19:06,23.7
108,서울,2022-06-16 19:07,23.6
108,서울,2022-06-16 19:08,23.6
108,서울,2022-06-16 19:09,23.6
108,서울,2022-06-16 19:10,23.5
108,서울,2022-06-16 19:11,23.5
108,서울,2022-06-16 19:12,23.5
108,서울,2022-06-16 19:13,23.5
108,서울,2022-06-16 19:14,23.4
108,서울,2022-06-16 19:15,23.4
108,서울,2022-06-16 19:16,23.4
108,서울,2022-06-16 19:17,23.3
108,서울,2022-06-16 19:18,23.3
108,서울,2022-06-16 19:19,23.3
108,서울,2022-06-16 19:20,23.2
108,서울,2022-06-16 19:21,23.2
108,서울,2022-06-16 19:22,23.2
108,서울,2022-06-16 19:23,23.2
108,서울,2022-06-16 19:24,23.2
108,서울,2022-06-16 19:25,23.1
108,서울,2022-06-16 19:26,23.1
108,서울,2022-06-16 19:27,23.1
108,서울,2022-06-16 19:28,23
108,서울,2022-06-16 19:29,23
108,서울,2022-06-16 19:30,23
108,서울,2022-06-16 19:31,23
108,서울,2022-06-16 19:32,22.9
108,서울,2022-06-16 19:33,22.9
108,서울,2022-06-16 19:34,22.9
108,서울,2022-06-16 19:35,22.8
108,서울,2022-06-16 19:36,22.8
108,서울,2022-06-16 19:37,22.8
108,서울,2022-06-16 19:38,22.7
108,서울,2022-06-16 19:39,22.7
108,서울,2022-06-16 19:40,22.7
108,서울,2022-06-16 19:41,22.7
108,서울,2022-06-16 19:42,22.6
108,서울,2022-06-16 19:43,22.6
108,서울,2022-06-16 19:44,22.6
108,서울,2022-06-16 19:45,22.5
108,서울,2022-06-16 19:46,22.5
108,서울,2022-06-16 19:47,22.5
108,서울,2022-06-16 19:48,22.5
108,서울,2022-06-16 19:49,22.4
108,서울,2022-06-16 19:50,22.4
108,서울,2022-06-16 19:51,22.3
108,서울,2022-06-16 19:52,22.3
108,서울,2022-06-16 19:53,22.3
108,서울,2022-06-16 19:54,22.3
108,서울,2022-06-16 19:55,22.3
108,서울,2022-06-16 19:56,22.2
108,서울,2022-06-16 19:57,22.2
108,서울,2022-06-16 19:58,22.1
108,서울,2022-06-16 19:59,22.1
108,서울,2022-06-16 20:00,22.1
108,서울,2022-06-16 20:01,22.1
108,서울,2022-06-16 20:02,22
108,서울,2022-06-16 20:03,22
108,서울,2022-06-16 20:04,22
108,서울,2022-06-16 20:05,22
108,서울,2022-06-16 20:06,22
108,서울,2022-06-16 20:07,22
108,서울,2022-06-16 20:08,22
108,서울,2022-06-16 20:09,21.9
108,서울,2022-06-16 20:10,21.9
108,서울,2022-06-16 20:11,21.9
108,서울,2022-06-16 20:12,21.9
108,서울,2022-06-16 20:13,21.9
108,서울,2022-06-16 20:14,21.8
108,서울,2022-06-16 20:15,21.8
108,서울,2022-06-16 20:16,21.8
108,서울,2022-06-16 20:17,21.8
108,서울,2022-06-16 20:18,21.7
108,서울,2022-06-16 20:19,21.7
108,서울,2022-06-16 20:20,21.7
108,서울,2022-06-16 20:21,21.7
108,서울,2022-06-16 20:22,21.6
108,서울,2022-06-16 20:23,21.6
108,서울,2022-06-16 20:24,21.6
108,서울,2022-06-16 20:25,21.5
108,서울,2022-06-16 20:26,21.5
108,서울,2022-06-16 20:27,21.4
108,서울,2022-06-16 20:28,21.4
108,서울,2022-06-16 20:29,21.4
108,서울,2022-06-16 20:30,21.3
108,서울,2022-06-16 20:31,21.3
108,서울,2022-06-16 20:32,21.3
108,서울,2022-06-16 20:33,21.3
108,서울,2022-06-16 20:34,21.2
108,서울,2022-06-16 20:35,21.2
108,서울,2022-06-16 20:36,21.2
108,서울,2022-06-16 20:37,21.2
108,서울,2022-06-16 20:38,21.2
108,서울,2022-06-16 20:39,21.2
108,서울,2022-06-16 20:40,21.2
108,서울,2022-06-16 20:41,21.2
108,서울,2022-06-16 20:42,21.2
108,서울,2022-06-16 20:43,21.1
108,서울,2022-06-16 20:44,21.1
108,서울,2022-06-16 20:45,21.1
108,서울,2022-06-16 20:46,21.1
108,서울,2022-06-16 20:47,21.1
108,서울,2022-06-16 20:48,21
108,서울,2022-06-16 20:49,21
108,서울,2022-06-16 20:50,21
108,서울,2022-06-16 20:51,21
108,서울,2022-06-16 20:52,21
108,서울,2022-06-16 20:53,20.9
108,서울,2022-06-16 20:54,20.9
108,서울,2022-06-16 20:55,20.9
108,서울,2022-06-16 20:56,20.9
108,서울,2022-06-16 20:57,20.9
108,서울,2022-06-16 20:58,20.8
108,서울,2022-06-16 20:59,20.8
108,서울,2022-06-16 21:00,20.8
108,서울,2022-06-16 21:01,20.8
108,서울,2022-06-16 21:02,20.7
108,서울,2022-06-16 21:03,20.7
108,서울,2022-06-16 21:04,20.7
108,서울,2022-06-16 21:05,20.7
108,서울,2022-06-16 21:06,20.7
108,서울,2022-06-16 21:07,20.6
108,서울,2022-06-16 21:08,20.6
108,서울,2022-06-16 21:09,20.6
108,서울,2022-06-16 21:10,20.6
108,서울,2022-06-16 21:11,20.6
108,서울,2022-06-16 21:12,20.6
108,서울,2022-06-16 21:13,20.6
108,서울,2022-06-16 21:14,20.6
108,서울,2022-06-16 21:15,20.6
108,서울,2022-06-16 21:16,20.6
108,서울,2022-06-16 21:17,20.6
108,서울,2022-06-16 21:18,20.5
108,서울,2022-06-16 21:19,20.5
108,서울,2022-06-16 21:20,20.5
108,서울,2022-06-16 21:21,20.5
108,서울,2022-06-16 21:22,20.4
108,서울,2022-06-16 21:23,20.4
108,서울,2022-06-16 21:24,20.4
108,서울,2022-06-16 21:25,20.4
108,서울,2022-06-16 21:26,20.4
108,서울,2022-06-16 21:27,20.4
108,서울,2022-06-16 21:28,20.4
108,서울,2022-06-16 21:29,20.3
108,서울,2022-06-16 21:30,20.3
108,서울,2022-06-16 21:31,20.3
108,서울,2022-06-16 21:32,20.3
108,서울,2022-06-16 21:33,20.3
108,서울,2022-06-16 21:34,20.2
108,서울,2022-06-16 21:35,20.2
108,서울,2022-06-16 21:36,20.2
108,서울,2022-06-16 21:37,20.2
108,서울,2022-06-16 21:38,20.2
108,서울,2022-06-16 21:39,20.2
108,서울,2022-06-16 21:40,20.2
108,서울,2022-06-16 21:41,20.2
108,서울,2022-06-16 21:42,20.1
108,서울,2022-06-16 21:43,20.1
108,서울,2022-06-16 21:44,20.1
108,서울,2022-06-16 21:45,20.1
108,서울,2022-06-16 21:46,20.1
108,서울,2022-06-16 21:47,20.1
108,서울,2022-06-16 21:48,20.1
108,서울,2022-06-16 21:49,20.1
108,서울,2022-06-16 21:50,20.1
108,서울,2022-06-16 21:51,20.1
108,서울,2022-06-16 21:52,20.1
108,서울,2022-06-16 21:53,20.1
108,서울,2022-06-16 21:54,20
108,서울,2022-06-16 21:55,20
108,서울,2022-06-16 21:56,20
108,서울,2022-06-16 21:57,20
108,서울,2022-06-16 21:58,20
108,서울,2022-06-16 21:59,20
108,서울,2022-06-16 22:00,19.9
108,서울,2022-06-16 22:01,19.9
108,서울,2022-06-16 22:02,19.9
108,서울,2022-06-16 22:03,19.9
108,서울,2022-06-16 22:04,19.9
108,서울,2022-06-16 22:05,19.9
108,서울,2022-06-16 22:06,19.9
108,서울,2022-06-16 22:07,19.9
108,서울,2022-06-16 22:08,19.9
108,서울,2022-06-16 22:09,19.8
108,서울,2022-06-16 22:10,19.8
108,서울,2022-06-16 22:11,19.8
108,서울,2022-06-16 22:12,19.8
108,서울,2022-06-16 22:13,19.8
108,서울,2022-06-16 22:14,19.8
108,서울,2022-06-16 22:15,19.8
108,서울,2022-06-16 22:16,19.8
108,서울,2022-06-16 22:17,19.8
108,서울,2022-06-16 22:18,19.7
108,서울,2022-06-16 22:19,19.7
108,서울,2022-06-16 22:20,19.7
108,서울,2022-06-16 22:21,19.7
108,서울,2022-06-16 22:22,19.7
108,서울,2022-06-16 22:23,19.7
108,서울,2022-06-16 22:24,19.7
108,서울,2022-06-16 22:25,19.7
108,서울,2022-06-16 22:26,19.7
108,서울,2022-06-16 22:27,19.7
108,서울,2022-06-16 22:28,19.7
108,서울,2022-06-16 22:29,19.7
108,서울,2022-06-16 22:30,19.7
108,서울,2022-06-16 22:31,19.7
108,서울,2022-06-16 22:32,19.7
108,서울,2022-06-16 22:33,19.6
108,서울,2022-06-16 22:34,19.6
108,서울,2022-06-16 22:35,19.6
108,서울,2022-06-16 22:36,19.6
108,서울,2022-06-16 22:37,19.6
108,서울,2022-06-16 22:38,19.6
108,서울,2022-06-16 22:39,19.6
108,서울,2022-06-16 22:40,19.6
108,서울,2022-06-16 22:41,19.6
108,서울,2022-06-16 22:42,19.6
108,서울,2022-06-16 22:43,19.6
108,서울,2022-06-16 22:44,19.6
108,서울,2022-06-16 22:45,19.6
108,서울,2022-06-16 22:46,19.5
108,서울,2022-06-16 22:47,19.5
108,서울,2022-06-16 22:48,19.5
108,서울,2022-06-16 22:49,19.5
108,서울,2022-06-16 22:50,19.5
108,서울,2022-06-16 22:51,19.5
108,서울,2022-06-16 22:52,19.5
108,서울,2022-06-16 22:53,19.5
108,서울,2022-06-16 22:54,19.5
108,서울,2022-06-16 22:55,19.5
108,서울,2022-06-16 22:56,19.4
108,서울,2022-06-16 22:57,19.4
108,서울,2022-06-16 22:58,19.4
108,서울,2022-06-16 22:59,19.4
108,서울,2022-06-16 23:00,19.4
108,서울,2022-06-16 23:01,19.4
108,서울,2022-06-16 23:02,19.4
108,서울,2022-06-16 23:03,19.4
108,서울,2022-06-16 23:04,19.4
108,서울,2022-06-16 23:05,19.4
108,서울,2022-06-16 23:06,19.4
108,서울,2022-06-16 23:07,19.4
108,서울,2022-06-16 23:08,19.4
108,서울,2022-06-16 23:09,19.3
108,서울,2022-06-16 23:10,19.3
108,서울,2022-06-16 23:11,19.3
108,서울,2022-06-16 23:12,19.3
108,서울,2022-06-16 23:13,19.3
108,서울,2022-06-16 23:14,19.3
108,서울,2022-06-16 23:15,19.3
108,서울,2022-06-16 23:16,19.2
108,서울,2022-06-16 23:17,19.2
108,서울,2022-06-16 23:18,19.2
108,서울,2022-06-16 23:19,19.2
108,서울,2022-06-16 23:20,19.2
108,서울,2022-06-16 23:21,19.2
108,서울,2022-06-16 23:22,19.1
108,서울,2022-06-16 23:23,19.1
108,서울,2022-06-16 23:24,19.1
108,서울,2022-06-16 23:25,19.1
108,서울,2022-06-16 23:26,19.1
108,서울,2022-06-16 23:27,19.1
108,서울,2022-06-16 23:28,19.1
108,서울,2022-06-16 23:29,19
108,서울,2022-06-16 23:30,19
108,서울,2022-06-16 23:31,19
108,서울,2022-06-16 23:32,19
108,서울,2022-06-16 23:33,19
108,서울,2022-06-16 23:34,19
108,서울,2022-06-16 23:35,19
108,서울,2022-06-16 23:36,19
108,서울,2022-06-16 23:37,19
108,서울,2022-06-16 23:38,18.9
108,서울,2022-06-16 23:39,18.9
108,서울,2022-06-16 23:40,18.9
108,서울,2022-06-16 23:41,18.9
108,서울,2022-06-16 23:42,18.9
108,서울,2022-06-16 23:43,18.9
108,서울,2022-06-16 23:44,18.9
108,서울,2022-06-16 23:45,18.9
108,서울,2022-06-16 23:46,18.9
108,서울,2022-06-16 23:47,18.9
108,서울,2022-06-16 23:48,18.9
108,서울,2022-06-16 23:49,18.9
108,서울,2022-06-16 23:50,18.9
108,서울,2022-06-16 23:51,18.9
108,서울,2022-06-16 23:52,18.8
108,서울,2022-06-16 23:53,18.8
108,서울,2022-06-16 23:54,18.8
108,서울,2022-06-16 23:55,18.8
108,서울,2022-06-16 23:56,18.8
108,서울,2022-06-16 23:57,18.7
108,서울,2022-06-16 23:58,18.7
108,서울,2022-06-16 23:59,18.7
108,서울,2022-06-17 00:00,18.7
